
<CATALOG>
<CD>
<TITLE>Project Id: 2741</TITLE>
<ARTIST>Issue Id: 21</ARTIST>
<COUNTRY>Developer: Tausif Jaman</COUNTRY>
<COMPANY>Assign Tester: Shuvo Abrar Ahmed</COMPANY>
<TITLE1>Project Id: 2741</TITLE1>
<ARTIST1>Issue Id: 21</ARTIST1>
<COUNTRY1>Developer: Tausif Jaman</COUNTRY1>
<COMPANY1>Assign Tester: Shuvo Abrar Ahmed</COMPANY1>
<TITLE2>Project Id: 2741</TITLE2>
<ARTIST2>Issue Id: 21</ARTIST2>
<COUNTRY2>Developer: Tausif Jaman</COUNTRY2>
<COMPANY2>Assign Tester: Shuvo Abrar Ahmed</COMPANY2>
<TITLE3>Project Id: 2741</TITLE3>
<ARTIST3>Issue Id: 21</ARTIST3>
<COUNTRY3>Developer: Tausif Jaman</COUNTRY3>
<COMPANY3>Assign Tester: Shuvo Abrar Ahmed</COMPANY3>
</CD>
<CD>
<TITLE>Project Id: 2741</TITLE>
<ARTIST>Issue Id: 21</ARTIST>
<COUNTRY>Developer: Tausif Jaman</COUNTRY>
<COMPANY>Assign Tester: Shuvo Abrar Ahmed</COMPANY>
<TITLE1>Project Id: 2741</TITLE1>
<ARTIST1>Issue Id: 21</ARTIST1>
<COUNTRY1>Developer: Tausif Jaman</COUNTRY1>
<COMPANY1>Assign Tester: Shuvo Abrar Ahmed</COMPANY1>
<TITLE2>Project Id: 2741</TITLE2>
<ARTIST2>Issue Id: 21</ARTIST2>
<COUNTRY2>Developer: Tausif Jaman</COUNTRY2>
<COMPANY2>Assign Tester: Shuvo Abrar Ahmed</COMPANY2>
<TITLE3>Project Id: 2741</TITLE3>
<ARTIST3>Issue Id: 21</ARTIST3>
<COUNTRY3>Developer: Tausif Jaman</COUNTRY3>
<COMPANY3>Assign Tester: Shuvo Abrar Ahmed</COMPANY3>
</CD>
<CD>
<TITLE>Project Id: 2741</TITLE>
<ARTIST>Issue Id: 21</ARTIST>
<COUNTRY>Developer: Tausif Jaman</COUNTRY>
<COMPANY>Assign Tester: Shuvo Abrar Ahmed</COMPANY>
<TITLE1>Project Id: 2741</TITLE1>
<ARTIST1>Issue Id: 21</ARTIST1>
<COUNTRY1>Developer: Tausif Jaman</COUNTRY1>
<COMPANY1>Assign Tester: Shuvo Abrar Ahmed</COMPANY1>
<TITLE2>Project Id: 2741</TITLE2>
<ARTIST2>Issue Id: 21</ARTIST2>
<COUNTRY2>Developer: Tausif Jaman</COUNTRY2>
<COMPANY2>Assign Tester: Shuvo Abrar Ahmed</COMPANY2>
<TITLE3>Project Id: 2741</TITLE3>
<ARTIST3>Issue Id: 21</ARTIST3>
<COUNTRY3>Developer: Tausif Jaman</COUNTRY3>
<COMPANY3>Assign Tester: Shuvo Abrar Ahmed</COMPANY3>
</CD>
<CD>
<TITLE>Project Id: 2741</TITLE>
<ARTIST>Issue Id: 21</ARTIST>
<COUNTRY>Developer: Tausif Jaman</COUNTRY>
<COMPANY>Assign Tester: Shuvo Abrar Ahmed</COMPANY>
<TITLE1>Project Id: 2741</TITLE1>
<ARTIST1>Issue Id: 21</ARTIST1>
<COUNTRY1>Developer: Tausif Jaman</COUNTRY1>
<COMPANY1>Assign Tester: Shuvo Abrar Ahmed</COMPANY1>
<TITLE2>Project Id: 2741</TITLE2>
<ARTIST2>Issue Id: 21</ARTIST2>
<COUNTRY2>Developer: Tausif Jaman</COUNTRY2>
<COMPANY2>Assign Tester: Shuvo Abrar Ahmed</COMPANY2>
<TITLE3>Project Id: 2741</TITLE3>
<ARTIST3>Issue Id: 21</ARTIST3>
<COUNTRY3>Developer: Tausif Jaman</COUNTRY3>
<COMPANY3>Assign Tester: Shuvo Abrar Ahmed</COMPANY3>
</CD>
<CD>
<TITLE>Project Id: 2741</TITLE>
<ARTIST>Issue Id: 21</ARTIST>
<COUNTRY>Developer: Tausif Jaman</COUNTRY>
<COMPANY>Assign Tester: Shuvo Abrar Ahmed</COMPANY>
<TITLE1>Project Id: 2741</TITLE1>
<ARTIST1>Issue Id: 21</ARTIST1>
<COUNTRY1>Developer: Tausif Jaman</COUNTRY1>
<COMPANY1>Assign Tester: Shuvo Abrar Ahmed</COMPANY1>
<TITLE2> </TITLE2>
<ARTIST2> </ARTIST2>
<COUNTRY2> </COUNTRY2>
<COMPANY2> </COMPANY2>
<TITLE3>Project Id: 2741</TITLE3>
<ARTIST3>Issue Id: 21</ARTIST3>
<COUNTRY3>Developer: Tausif Jaman</COUNTRY3>
<COMPANY3>Assign Tester: Shuvo Abrar Ahmed</COMPANY3>
</CD>
<CD>
<TITLE> </TITLE>
<ARTIST> </ARTIST>
<COUNTRY> </COUNTRY>
<COMPANY> </COMPANY>
<TITLE1> </TITLE1>
<ARTIST1> </ARTIST1>
<COUNTRY1> </COUNTRY1>
<COMPANY1> </COMPANY1>
<TITLE2> </TITLE2>
<ARTIST2> </ARTIST2>
<COUNTRY2> </COUNTRY2>
<COMPANY2> </COMPANY2>
<TITLE3>Project Id: 2741</TITLE3>
<ARTIST3>Issue Id: 21</ARTIST3>
<COUNTRY3>Developer: Tausif Jaman</COUNTRY3>
<COMPANY3>Assign Tester: Shuvo Abrar Ahmed</COMPANY3>
</CD>
</CATALOG>
